trend,seasonal,damped_trend,seasonal_periods,mae_validacao,smoothing_level,smoothing_trend,smoothing_seasonal,damping_trend,erro
,mul,False,7.0,1328.9658963460995,0.9999999850988388,,4.7266931529257566e-09,,
add,mul,True,7.0,1328.998394168717,0.9355450833456826,0.007505257727746352,0.0,0.9683261959687394,
,add,False,7.0,1335.3918197629328,0.9976469626273066,,0.0019530419532221,,
,add,False,30.0,1337.1838081696294,0.9422661100114846,,0.0,,
add,add,False,30.0,1339.76776361526,0.9410726223526636,0.0,0.0,,
add,add,False,7.0,1342.725495076855,0.938856159770277,0.0,0.0015824030784796297,,
add,,False,,1345.258908219636,0.9375106047411492,0.0,,,
add,add,True,7.0,1347.6292234613234,0.9333139711294519,0.007460571785143608,0.0,0.9685111507920509,
add,,True,,1347.92597887109,0.9305876432899398,0.007571114198540945,,0.9683560398402121,
mul,,True,,1348.1684234487607,0.9295309471387002,0.008115597538418014,,0.9651423948896961,
mul,mul,True,30.0,1348.7792076199598,0.917895581790051,0.009557129113247987,0.0,0.9656302717805887,
add,mul,False,7.0,1348.9766610273628,0.9999999850988388,0.0006868770605425586,3.026016057966531e-09,,
mul,add,False,30.0,1349.732959655333,0.9383191761415403,0.0,0.0005494109834171374,,
add,add,True,30.0,1355.0373788171214,0.932011064963735,0.007458599613002223,0.0005037471600185904,0.9681779892154517,
add,mul,True,30.0,1356.0275173197026,0.9999999850988388,0.0,2.431741043658678e-09,0.8043645396540645,
,mul,False,30.0,1386.5738692457458,0.9290129837597256,,0.0,,
mul,mul,True,7.0,1526.1597301356662,0.4703736347725944,0.21441650377262494,0.21796310938928048,0.890972277171765,
add,mul,False,30.0,1589.773559356646,0.23541271966289146,0.04745153234589,0.16162244283877433,,
mul,add,False,7.0,3479.024960216367,0.07142857142857142,0.007142857142857143,0.04642857142857143,,
mul,mul,False,7.0,3490.182084874315,0.07142857373464176,0.007142857355725173,0.04642857350403477,,
mul,mul,False,30.0,4733.664643477229,0.016666667591552695,0.001666666757587666,0.049166667499064114,,
mul,,False,,inf,,,,,Input contains NaN.
mul,add,True,30.0,inf,,,,,Input contains NaN.
mul,add,True,7.0,inf,,,,,Input contains NaN.
