hora,Decision Tree,Holt-Winters,Random Forest,SARIMAX,SVR
0,159.53252494508416,165.54491962741992,112.35949776809522,313.3469116229615,240.56323020096576
1,70.19952301631764,133.1256122232161,54.01942393914675,175.9646762028815,233.05396545632834
2,97.22405242452466,99.2229394575615,72.4205934177655,153.9762887403062,346.0765382071209
3,53.85076509706963,81.26180012419118,48.78109408705098,142.5391575515911,294.5252637503055
4,82.84516963921311,75.54563056898982,62.09060942087718,124.74995438242988,215.87146634392383
5,194.6530359339404,142.66142787462778,156.42900931275463,669.9120654945668,392.0428422584763
6,401.95639219734016,267.6838964931952,253.6586823322383,774.8408643943477,469.5494582387884
7,400.2153837696765,286.94869228312547,320.81439206107234,335.08607511642657,501.84916368004025
8,392.9475546903412,226.2341289930391,283.1795397966895,345.81382149697436,376.8832668785424
9,302.41857242452306,233.84579674395357,209.60503975542417,339.65867765577354,365.47398926413587
10,247.38528484298766,201.80773710643192,162.20451542065155,292.0258060684718,260.5257942443711
11,233.27352933579476,178.84666278987217,169.4319309638639,183.151373737375,281.09532892361926
12,214.70225629298335,170.8577555820257,169.68206458124885,193.7549406398826,301.4129039696244
13,208.756422515786,171.960529997702,165.98754071675026,195.45069188143958,260.88006713695813
14,234.13803447466248,150.62589917376584,163.08716649467056,201.47291564734795,288.9994930022758
15,321.0469610016644,160.55727013480765,214.2940585120289,290.97976205394804,367.7228103834456
16,349.9446438213609,208.2600697845665,288.95408064376994,364.19539230210756,530.8337372524371
17,327.40517034070086,197.68075581528046,273.7251417111531,277.80935262693794,335.23546393874915
18,263.3470289437525,179.14949427500076,203.78930935224605,315.9076576773895,248.74163307958872
19,229.67738818671654,188.79054399864316,162.57322172957464,215.49675012297124,195.560868042936
20,200.9199809518111,175.27846568197776,138.30643408536326,179.43176771710446,171.35268108724264
21,308.8362488524044,242.68765271725428,232.37669493410158,260.6301910170532,242.69630540066905
22,348.19403931369254,262.74232492127584,255.0503626031466,324.196978043699,286.4600977544798
23,347.3710479818689,278.44951422352045,276.3847807072305,333.7132605143379,332.4400224220019
