order,seasonal_order,aic_treino,bic_treino,convergiu,mae_validacao,valido,erro
"(1, 0, 1)","(0, 1, 1, 7)",43364.686885816474,43422.81471400225,True,1330.8150559142887,True,
"(1, 1, 0)","(0, 1, 1, 7)",42524.333171860024,42576.64821722722,True,1338.463473460849,True,
"(1, 1, 0)","(1, 1, 1, 7)",42526.33203895393,42584.4598671397,True,1338.5192850921874,True,
"(0, 1, 1)","(0, 1, 1, 7)",42508.198865477025,42560.51026933092,True,1338.5234193192125,True,
"(0, 1, 1)","(1, 1, 1, 7)",42510.19754371094,42568.32132577083,True,1338.5913406632305,True,
"(0, 1, 1)","(0, 0, 0, 0)",42707.02773775393,42753.571961262176,True,1338.6896280104072,True,
"(1, 1, 1)","(1, 1, 1, 7)",42512.051343075684,42575.98750334156,True,1339.2886912682995,True,
"(1, 1, 1)","(0, 1, 1, 7)",42510.05009070212,42568.173872762,True,1339.3243908680197,True,
"(1, 1, 1)","(0, 0, 0, 0)",42710.13390268398,42762.49615413076,True,1340.422093289203,True,
"(1, 1, 1)","(0, 0, 1, 7)",42598.813446870314,42656.96551749221,True,1340.5086651211452,True,
"(1, 1, 1)","(1, 0, 0, 7)",42614.994427136866,42673.15053245722,True,1340.5168257799837,True,
"(1, 1, 1)","(1, 0, 1, 7)",42600.815057338,42664.78233502208,True,1340.5915032048904,True,
"(0, 1, 1)","(0, 0, 1, 7)",42596.93460755613,42649.27147111583,True,1341.7201115365476,True,
"(0, 1, 1)","(1, 0, 0, 7)",42629.29872108561,42681.64284563804,True,1341.7239128200533,True,
"(1, 1, 0)","(0, 0, 0, 0)",42724.52004876609,42771.06749094266,True,1341.8037513852435,True,
"(0, 1, 1)","(1, 0, 1, 7)",42598.936626430565,42657.08869705246,True,1341.8055163075082,True,
"(1, 1, 0)","(0, 0, 1, 7)",42613.187767261916,42665.52826205023,True,1342.1135430730237,True,
"(1, 1, 0)","(1, 0, 0, 7)",42613.18767238756,42665.52816717588,True,1342.1175576772598,True,
"(1, 1, 0)","(1, 0, 1, 7)",42615.189842280844,42673.3459476012,True,1342.176174624092,True,
"(0, 1, 0)","(0, 0, 0, 0)",42725.7394151954,42766.46842709989,True,1349.8208551233913,True,
"(0, 1, 0)","(0, 0, 1, 7)",42614.38930623807,42660.914190494346,True,1350.4407858889733,True,
"(0, 1, 0)","(1, 0, 0, 7)",42630.535587599115,42677.063698312384,True,1350.4515681075814,True,
"(0, 1, 0)","(1, 0, 1, 7)",42616.39019016226,42668.73068495058,True,1350.5330101557113,True,
"(0, 1, 0)","(0, 1, 1, 7)",42590.04256954901,42636.544832097636,True,1351.4776541785434,True,
"(0, 1, 0)","(1, 1, 1, 7)",42591.9906121334,42644.3056575006,True,1351.8481201232562,True,
"(1, 0, 1)","(1, 1, 1, 7)",42654.435450698555,42718.37606170291,True,1352.2772004566111,True,
"(1, 0, 1)","(0, 0, 0, 0)",43060.16611354113,43112.531985989765,True,1359.808548350304,True,
"(1, 0, 0)","(1, 0, 1, 7)",43063.86997936999,43122.030117761584,True,1368.9980190226267,True,
"(1, 0, 0)","(1, 0, 0, 7)",43062.001822583836,43114.345947136266,True,1369.0662081906112,True,
"(1, 0, 1)","(1, 0, 1, 7)",43276.82012230791,43340.791838160294,True,1370.1485245723977,True,
"(1, 0, 1)","(0, 0, 1, 7)",43274.95000676709,43333.106112087444,True,1370.6030136929212,True,
"(1, 0, 1)","(1, 0, 0, 7)",43291.49738147663,43349.65751986822,True,1370.6582730406576,True,
"(1, 0, 0)","(0, 0, 0, 0)",43708.593341333035,43755.14400088346,True,1398.6490001150332,True,
"(1, 0, 0)","(0, 1, 1, 7)",43592.18499937361,43644.5036847813,True,1401.9021677498397,True,
"(1, 0, 0)","(0, 0, 1, 7)",43591.05718660899,43643.40131116142,True,1406.1773633744187,True,
"(1, 0, 0)","(1, 1, 1, 7)",43593.38228731303,43651.51415998824,True,1409.9575864831988,True,
"(1, 0, 1)","(1, 1, 0, 7)",43395.50084809287,43453.63272076808,True,1732.3313926664607,True,
"(1, 0, 0)","(1, 1, 0, 7)",43394.02995002529,43446.34863543298,True,1732.7254799913874,True,
"(1, 1, 1)","(1, 1, 0, 7)",43498.08643906917,43556.214267254945,True,1821.952815892027,True,
"(0, 1, 0)","(1, 1, 0, 7)",43502.19581276518,43548.70131090535,True,1822.8070612104502,True,
"(0, 1, 1)","(1, 1, 0, 7)",43499.3119159318,43551.63060133949,True,1824.2163486394977,True,
"(1, 1, 0)","(1, 1, 0, 7)",43482.384425200646,43534.699470567844,True,1824.3399309022532,True,
"(1, 0, 0)","(0, 1, 0, 7)",44131.67772957843,44178.205840291695,True,2043.9853162002262,True,
"(1, 1, 1)","(0, 1, 0, 7)",44111.13070315668,44163.46756671638,True,2045.8161281321218,True,
"(1, 0, 1)","(0, 1, 0, 7)",44105.75136686594,44158.091861654255,True,2064.634791657997,True,
"(0, 1, 0)","(0, 1, 0, 7)",44306.23732578977,44346.94659951402,True,2178.852841663022,True,
"(0, 1, 1)","(0, 1, 0, 7)",44290.23731250745,44336.758969004964,True,2179.1711135264877,True,
"(1, 1, 0)","(0, 1, 0, 7)",44307.16347367552,44353.6883579318,True,2179.1951645905365,True,
"(0, 0, 1)","(1, 1, 1, 7)",45450.99537586383,45509.1232040496,True,2443.8749442581634,True,
"(0, 0, 1)","(1, 1, 0, 7)",45299.24590209978,45351.56822607635,True,2464.578501561285,True,
"(0, 0, 1)","(0, 1, 1, 7)",45266.094993796425,45318.410039163624,True,2467.8827404189037,True,
"(0, 0, 1)","(1, 0, 0, 7)",45681.02710260649,45733.37485545971,True,2546.481788633787,True,
"(0, 0, 1)","(0, 1, 0, 7)",45432.635467427885,45479.160351684164,True,2584.520738383113,True,
"(0, 0, 0)","(0, 1, 0, 7)",64037.5613481097,64078.27344498382,True,3199.1596660765226,True,
"(0, 0, 0)","(0, 1, 1, 7)",47002.77379459984,47049.27929274001,True,3232.483737930534,True,
"(0, 0, 0)","(1, 1, 0, 7)",47020.25527370518,47066.764006128804,True,3237.1013145574466,True,
"(0, 0, 0)","(1, 0, 0, 7)",47264.7115581087,47311.24289397823,True,3290.259646868342,True,
"(0, 0, 0)","(1, 0, 1, 7)",47247.20564254001,47299.54976709244,True,3293.765225718734,True,
"(0, 0, 0)","(1, 1, 1, 7)",46990.37834952543,47042.697034933124,True,3313.712542106337,True,
"(0, 0, 1)","(0, 0, 1, 7)",57971.05005081257,58023.39054560089,True,33768.13495133451,True,
"(0, 0, 1)","(0, 0, 0, 0)",58551.121469364676,58597.668911541245,True,58691.74418094651,True,
"(0, 0, 0)","(0, 0, 1, 7)",58457.65524423854,58504.183354951805,True,59175.19272436865,True,
"(0, 0, 0)","(0, 0, 0, 0)",77351.98499917307,77392.71682627969,True,115478.48634950283,True,
"(0, 0, 1)","(1, 0, 1, 7)",48447.525711865615,48505.68181718597,False,inf,False,
