base,modelo,lag,estatistica,p_valor,n_trecho,inicio,fim
base_02,SVR,24,91.85712245960619,7.087589719168994e-10,1588,2018-06-02 03:00:00,2018-08-07 06:00:00
base_02,SVR,48,120.97782761369213,3.142627487402566e-08,1588,2018-06-02 03:00:00,2018-08-07 06:00:00
base_02,SVR,168,277.7457575995757,2.0620132811722481e-07,1588,2018-06-02 03:00:00,2018-08-07 06:00:00
base_02,Decision Tree,24,63.600977463006835,1.9478958298385244e-05,1588,2018-06-02 03:00:00,2018-08-07 06:00:00
base_02,Decision Tree,48,99.38732171404708,1.8982792982668356e-05,1588,2018-06-02 03:00:00,2018-08-07 06:00:00
base_02,Decision Tree,168,250.40792195536662,3.8497183537383866e-05,1588,2018-06-02 03:00:00,2018-08-07 06:00:00
base_02,Random Forest,24,79.52430385787838,7.242921031957382e-08,1588,2018-06-02 03:00:00,2018-08-07 06:00:00
base_02,Random Forest,48,115.06002825655888,1.968740103502539e-07,1588,2018-06-02 03:00:00,2018-08-07 06:00:00
base_02,Random Forest,168,240.7819056332209,0.0001967852188952843,1588,2018-06-02 03:00:00,2018-08-07 06:00:00
base_02,SARIMAX,24,460.53446704757056,2.5163379464563863e-82,1588,2018-06-02 03:00:00,2018-08-07 06:00:00
base_02,SARIMAX,48,587.6732957863228,5.991993945545314e-94,1588,2018-06-02 03:00:00,2018-08-07 06:00:00
base_02,SARIMAX,168,2023.2918157763181,0.0,1588,2018-06-02 03:00:00,2018-08-07 06:00:00
base_02,Holt-Winters,24,1790.3014502538394,0.0,1588,2018-06-02 03:00:00,2018-08-07 06:00:00
base_02,Holt-Winters,48,2148.0254273667115,0.0,1588,2018-06-02 03:00:00,2018-08-07 06:00:00
base_02,Holt-Winters,168,2530.596341041868,0.0,1588,2018-06-02 03:00:00,2018-08-07 06:00:00
