modelo,etapa,treino_inicio,treino_fim,previsao_inicio,previsao_fim,n_treino_observado,avisos,segundos,aic,bic,convergiu
SVR,validacao_0_0,2018-01-03 04:00:00,2018-02-28 03:00:00,2018-02-28 04:00:00,2018-03-07 03:00:00,1342,,0.22456920001422986,,,
SVR,validacao_0_1,2018-01-10 04:00:00,2018-03-07 03:00:00,2018-03-07 04:00:00,2018-03-14 03:00:00,1342,,0.15551219999906607,,,
SVR,validacao_1_0,2018-01-03 04:00:00,2018-02-28 03:00:00,2018-02-28 04:00:00,2018-03-07 03:00:00,1342,,0.16831510000338312,,,
SVR,validacao_1_1,2018-01-10 04:00:00,2018-03-07 03:00:00,2018-03-07 04:00:00,2018-03-14 03:00:00,1342,,0.11718680000922177,,,
SVR,validacao_2_0,2018-01-03 04:00:00,2018-02-28 03:00:00,2018-02-28 04:00:00,2018-03-07 03:00:00,1342,,0.33865720000176225,,,
SVR,validacao_2_1,2018-01-10 04:00:00,2018-03-07 03:00:00,2018-03-07 04:00:00,2018-03-14 03:00:00,1342,,0.2829087999998592,,,
SVR,validacao_3_0,2018-01-03 04:00:00,2018-02-28 03:00:00,2018-02-28 04:00:00,2018-03-07 03:00:00,1342,,0.12218740000389516,,,
SVR,validacao_3_1,2018-01-10 04:00:00,2018-03-07 03:00:00,2018-03-07 04:00:00,2018-03-14 03:00:00,1342,,0.10901050000393298,,,
Decision Tree,validacao_0_0,2018-01-03 04:00:00,2018-02-28 03:00:00,2018-02-28 04:00:00,2018-03-07 03:00:00,1342,,0.05541770000127144,,,
Decision Tree,validacao_0_1,2018-01-10 04:00:00,2018-03-07 03:00:00,2018-03-07 04:00:00,2018-03-14 03:00:00,1342,,0.03985919999831822,,,
Decision Tree,validacao_1_0,2018-01-03 04:00:00,2018-02-28 03:00:00,2018-02-28 04:00:00,2018-03-07 03:00:00,1342,,0.06230869999853894,,,
Decision Tree,validacao_1_1,2018-01-10 04:00:00,2018-03-07 03:00:00,2018-03-07 04:00:00,2018-03-14 03:00:00,1342,,0.045218800005386584,,,
Decision Tree,validacao_2_0,2018-01-03 04:00:00,2018-02-28 03:00:00,2018-02-28 04:00:00,2018-03-07 03:00:00,1342,,0.05258930000127293,,,
Decision Tree,validacao_2_1,2018-01-10 04:00:00,2018-03-07 03:00:00,2018-03-07 04:00:00,2018-03-14 03:00:00,1342,,0.0415186000027461,,,
Decision Tree,validacao_3_0,2018-01-03 04:00:00,2018-02-28 03:00:00,2018-02-28 04:00:00,2018-03-07 03:00:00,1342,,0.054354699997929856,,,
Decision Tree,validacao_3_1,2018-01-10 04:00:00,2018-03-07 03:00:00,2018-03-07 04:00:00,2018-03-14 03:00:00,1342,,0.04337630000372883,,,
Random Forest,validacao_0_0,2018-01-03 04:00:00,2018-02-28 03:00:00,2018-02-28 04:00:00,2018-03-07 03:00:00,1342,,1.573153799996362,,,
Random Forest,validacao_0_1,2018-01-10 04:00:00,2018-03-07 03:00:00,2018-03-07 04:00:00,2018-03-14 03:00:00,1342,,1.4480408000090392,,,
Random Forest,validacao_1_0,2018-01-03 04:00:00,2018-02-28 03:00:00,2018-02-28 04:00:00,2018-03-07 03:00:00,1342,,1.995753600000171,,,
Random Forest,validacao_1_1,2018-01-10 04:00:00,2018-03-07 03:00:00,2018-03-07 04:00:00,2018-03-14 03:00:00,1342,,1.9020839000004344,,,
Random Forest,validacao_2_0,2018-01-03 04:00:00,2018-02-28 03:00:00,2018-02-28 04:00:00,2018-03-07 03:00:00,1342,,2.4115261000115424,,,
Random Forest,validacao_2_1,2018-01-10 04:00:00,2018-03-07 03:00:00,2018-03-07 04:00:00,2018-03-14 03:00:00,1342,,2.6046484999969834,,,
SARIMAX,validacao_0_0,2018-01-03 04:00:00,2018-02-28 03:00:00,2018-02-28 04:00:00,2018-03-07 03:00:00,1342,,8.381799199996749,1911.7475642755412,1979.1477432608663,True
SARIMAX,validacao_0_1,2018-01-10 04:00:00,2018-03-07 03:00:00,2018-03-07 04:00:00,2018-03-14 03:00:00,1342,,6.798976899997797,1893.9742469908442,1961.3744259761693,True
SARIMAX,validacao_1_0,2018-01-03 04:00:00,2018-02-28 03:00:00,2018-02-28 04:00:00,2018-03-07 03:00:00,1342,,9.64538370000082,1670.262439343218,1742.8472474812604,True
SARIMAX,validacao_1_1,2018-01-10 04:00:00,2018-03-07 03:00:00,2018-03-07 04:00:00,2018-03-14 03:00:00,1342,,7.978144099994097,1626.5786734107505,1699.163481548793,True
SARIMAX,validacao_2_0,2018-01-03 04:00:00,2018-02-28 03:00:00,2018-02-28 04:00:00,2018-03-07 03:00:00,1342,,5.85721809999086,2155.6298276665148,2217.827168087434,True
SARIMAX,validacao_2_1,2018-01-10 04:00:00,2018-03-07 03:00:00,2018-03-07 04:00:00,2018-03-14 03:00:00,1342,,8.559874899990973,2115.270701271184,2177.4680416921033,True
Holt-Winters,validacao_0_0,2018-01-03 04:00:00,2018-02-28 03:00:00,2018-02-28 04:00:00,2018-03-07 03:00:00,1342,,0.017304699998931028,,,
Holt-Winters,validacao_0_1,2018-01-10 04:00:00,2018-03-07 03:00:00,2018-03-07 04:00:00,2018-03-14 03:00:00,1342,,0.011805999994976446,,,
Holt-Winters,validacao_1_0,2018-01-03 04:00:00,2018-02-28 03:00:00,2018-02-28 04:00:00,2018-03-07 03:00:00,1342,,0.03324570000404492,,,
Holt-Winters,validacao_1_1,2018-01-10 04:00:00,2018-03-07 03:00:00,2018-03-07 04:00:00,2018-03-14 03:00:00,1342,,0.02956100000301376,,,
Holt-Winters,validacao_2_0,2018-01-03 04:00:00,2018-02-28 03:00:00,2018-02-28 04:00:00,2018-03-07 03:00:00,1342,,0.009218699997290969,,,
Holt-Winters,validacao_2_1,2018-01-10 04:00:00,2018-03-07 03:00:00,2018-03-07 04:00:00,2018-03-14 03:00:00,1342,,0.0134700999915367,,,
Holt-Winters,validacao_3_0,2018-01-03 04:00:00,2018-02-28 03:00:00,2018-02-28 04:00:00,2018-03-07 03:00:00,1342,,0.030425799996010028,,,
Holt-Winters,validacao_3_1,2018-01-10 04:00:00,2018-03-07 03:00:00,2018-03-07 04:00:00,2018-03-14 03:00:00,1342,,0.033329400001093745,,,
SARIMAX,verificacao,2018-01-10 04:00:00,2018-03-07 03:00:00,2018-03-07 04:00:00,2018-03-08 03:00:00,1342,,27.571322399991914,1626.5786734107505,1699.163481548793,True
Holt-Winters,verificacao,2018-01-10 04:00:00,2018-03-07 03:00:00,2018-03-07 04:00:00,2018-03-08 03:00:00,1342,,0.020215400014421903,,,
SVR,teste,2018-01-17 04:00:00,2018-03-14 03:00:00,2018-03-14 04:00:00,2018-03-21 03:00:00,1340,,0.33680739998817444,,,
SVR,teste,2018-01-24 04:00:00,2018-03-21 03:00:00,2018-03-21 04:00:00,2018-03-28 03:00:00,1339,,0.24154489999637008,,,
SVR,teste,2018-01-31 04:00:00,2018-03-28 03:00:00,2018-03-28 04:00:00,2018-04-04 03:00:00,1334,,0.21643450000556186,,,
SVR,teste,2018-02-07 04:00:00,2018-04-04 03:00:00,2018-04-04 04:00:00,2018-04-11 03:00:00,1333,,0.2150553000101354,,,
SVR,teste,2018-02-14 04:00:00,2018-04-11 03:00:00,2018-04-11 04:00:00,2018-04-18 03:00:00,1333,,0.21886629999789875,,,
SVR,teste,2018-02-21 04:00:00,2018-04-18 03:00:00,2018-04-18 04:00:00,2018-04-25 03:00:00,1333,,0.22059709999302868,,,
SVR,teste,2018-02-28 04:00:00,2018-04-25 03:00:00,2018-04-25 04:00:00,2018-05-02 03:00:00,1333,,0.24082809999526944,,,
SVR,teste,2018-03-07 04:00:00,2018-05-02 03:00:00,2018-05-02 04:00:00,2018-05-09 03:00:00,1333,,0.22203560000343714,,,
SVR,teste,2018-03-14 04:00:00,2018-05-09 03:00:00,2018-05-09 04:00:00,2018-05-16 03:00:00,1334,,0.21239509999577422,,,
SVR,teste,2018-03-21 04:00:00,2018-05-16 03:00:00,2018-05-16 04:00:00,2018-05-23 03:00:00,1336,,0.22458850000111852,,,
SVR,teste,2018-03-28 04:00:00,2018-05-23 03:00:00,2018-05-23 04:00:00,2018-05-30 03:00:00,1342,,0.19140730000799522,,,
SVR,teste,2018-04-04 04:00:00,2018-05-30 03:00:00,2018-05-30 04:00:00,2018-06-06 03:00:00,1343,,0.21154950000345707,,,
SVR,teste,2018-04-11 04:00:00,2018-06-06 03:00:00,2018-06-06 04:00:00,2018-06-13 03:00:00,1342,,0.1820274000056088,,,
SVR,teste,2018-04-18 04:00:00,2018-06-13 03:00:00,2018-06-13 04:00:00,2018-06-20 03:00:00,1342,,0.21187800000188872,,,
SVR,teste,2018-04-25 04:00:00,2018-06-20 03:00:00,2018-06-20 04:00:00,2018-06-27 03:00:00,1342,,0.18831070000305772,,,
SVR,teste,2018-05-02 04:00:00,2018-06-27 03:00:00,2018-06-27 04:00:00,2018-07-04 03:00:00,1342,,0.17937549999624025,,,
SVR,teste,2018-05-09 04:00:00,2018-07-04 03:00:00,2018-07-04 04:00:00,2018-07-11 03:00:00,1343,,0.19449040001200046,,,
SVR,teste,2018-05-16 04:00:00,2018-07-11 03:00:00,2018-07-11 04:00:00,2018-07-18 03:00:00,1343,,0.19254669999645557,,,
SVR,teste,2018-05-23 04:00:00,2018-07-18 03:00:00,2018-07-18 04:00:00,2018-07-25 03:00:00,1343,,0.18258649999916088,,,
SVR,teste,2018-05-30 04:00:00,2018-07-25 03:00:00,2018-07-25 04:00:00,2018-08-01 03:00:00,1343,,0.1827153000049293,,,
SVR,teste,2018-06-06 04:00:00,2018-08-01 03:00:00,2018-08-01 04:00:00,2018-08-08 03:00:00,1344,,0.19046119999256916,,,
SVR,teste,2018-06-13 04:00:00,2018-08-08 03:00:00,2018-08-08 04:00:00,2018-08-15 03:00:00,1341,,0.16997010000341106,,,
SVR,teste,2018-06-20 04:00:00,2018-08-15 03:00:00,2018-08-15 04:00:00,2018-08-22 03:00:00,1341,,0.18018910000682808,,,
SVR,teste,2018-06-27 04:00:00,2018-08-22 03:00:00,2018-08-22 04:00:00,2018-08-29 03:00:00,1341,,0.19041460000153165,,,
SVR,teste,2018-07-04 04:00:00,2018-08-29 03:00:00,2018-08-29 04:00:00,2018-09-05 03:00:00,1340,,0.20217429999320302,,,
SVR,teste,2018-07-11 04:00:00,2018-09-05 03:00:00,2018-09-05 04:00:00,2018-09-12 03:00:00,1340,,0.20276519999606535,,,
SVR,teste,2018-07-18 04:00:00,2018-09-12 03:00:00,2018-09-12 04:00:00,2018-09-19 03:00:00,1340,,0.1857503000064753,,,
SVR,teste,2018-07-25 04:00:00,2018-09-19 03:00:00,2018-09-19 04:00:00,2018-09-26 03:00:00,1340,,0.19700259999081027,,,
SVR,teste,2018-08-01 04:00:00,2018-09-26 03:00:00,2018-09-26 04:00:00,2018-09-30 23:00:00,1340,,0.1978506000014022,,,
Decision Tree,teste,2018-01-17 04:00:00,2018-03-14 03:00:00,2018-03-14 04:00:00,2018-03-21 03:00:00,1340,,0.08161130000371486,,,
Decision Tree,teste,2018-01-24 04:00:00,2018-03-21 03:00:00,2018-03-21 04:00:00,2018-03-28 03:00:00,1339,,0.0805436000082409,,,
Decision Tree,teste,2018-01-31 04:00:00,2018-03-28 03:00:00,2018-03-28 04:00:00,2018-04-04 03:00:00,1334,,0.07381120001082309,,,
Decision Tree,teste,2018-02-07 04:00:00,2018-04-04 03:00:00,2018-04-04 04:00:00,2018-04-11 03:00:00,1333,,0.09668299999611918,,,
Decision Tree,teste,2018-02-14 04:00:00,2018-04-11 03:00:00,2018-04-11 04:00:00,2018-04-18 03:00:00,1333,,0.07678070000838488,,,
Decision Tree,teste,2018-02-21 04:00:00,2018-04-18 03:00:00,2018-04-18 04:00:00,2018-04-25 03:00:00,1333,,0.06703600000764709,,,
Decision Tree,teste,2018-02-28 04:00:00,2018-04-25 03:00:00,2018-04-25 04:00:00,2018-05-02 03:00:00,1333,,0.07173660000262316,,,
Decision Tree,teste,2018-03-07 04:00:00,2018-05-02 03:00:00,2018-05-02 04:00:00,2018-05-09 03:00:00,1333,,0.08990900000208057,,,
Decision Tree,teste,2018-03-14 04:00:00,2018-05-09 03:00:00,2018-05-09 04:00:00,2018-05-16 03:00:00,1334,,0.07742080000753049,,,
Decision Tree,teste,2018-03-21 04:00:00,2018-05-16 03:00:00,2018-05-16 04:00:00,2018-05-23 03:00:00,1336,,0.07692800000950228,,,
Decision Tree,teste,2018-03-28 04:00:00,2018-05-23 03:00:00,2018-05-23 04:00:00,2018-05-30 03:00:00,1342,,0.06269169998995494,,,
Decision Tree,teste,2018-04-04 04:00:00,2018-05-30 03:00:00,2018-05-30 04:00:00,2018-06-06 03:00:00,1343,,0.06338200000755023,,,
Decision Tree,teste,2018-04-11 04:00:00,2018-06-06 03:00:00,2018-06-06 04:00:00,2018-06-13 03:00:00,1342,,0.06246990000363439,,,
Decision Tree,teste,2018-04-18 04:00:00,2018-06-13 03:00:00,2018-06-13 04:00:00,2018-06-20 03:00:00,1342,,0.06520300000556745,,,
Decision Tree,teste,2018-04-25 04:00:00,2018-06-20 03:00:00,2018-06-20 04:00:00,2018-06-27 03:00:00,1342,,0.06570690000080504,,,
Decision Tree,teste,2018-05-02 04:00:00,2018-06-27 03:00:00,2018-06-27 04:00:00,2018-07-04 03:00:00,1342,,0.06313409999711439,,,
Decision Tree,teste,2018-05-09 04:00:00,2018-07-04 03:00:00,2018-07-04 04:00:00,2018-07-11 03:00:00,1343,,0.0681581999961054,,,
Decision Tree,teste,2018-05-16 04:00:00,2018-07-11 03:00:00,2018-07-11 04:00:00,2018-07-18 03:00:00,1343,,0.0807383000064874,,,
Decision Tree,teste,2018-05-23 04:00:00,2018-07-18 03:00:00,2018-07-18 04:00:00,2018-07-25 03:00:00,1343,,0.06490950001170859,,,
Decision Tree,teste,2018-05-30 04:00:00,2018-07-25 03:00:00,2018-07-25 04:00:00,2018-08-01 03:00:00,1343,,0.06160719999752473,,,
Decision Tree,teste,2018-06-06 04:00:00,2018-08-01 03:00:00,2018-08-01 04:00:00,2018-08-08 03:00:00,1344,,0.06742669999948703,,,
Decision Tree,teste,2018-06-13 04:00:00,2018-08-08 03:00:00,2018-08-08 04:00:00,2018-08-15 03:00:00,1341,,0.06353450000460725,,,
Decision Tree,teste,2018-06-20 04:00:00,2018-08-15 03:00:00,2018-08-15 04:00:00,2018-08-22 03:00:00,1341,,0.06636599999910686,,,
Decision Tree,teste,2018-06-27 04:00:00,2018-08-22 03:00:00,2018-08-22 04:00:00,2018-08-29 03:00:00,1341,,0.06665130000328645,,,
Decision Tree,teste,2018-07-04 04:00:00,2018-08-29 03:00:00,2018-08-29 04:00:00,2018-09-05 03:00:00,1340,,0.06747069999983069,,,
Decision Tree,teste,2018-07-11 04:00:00,2018-09-05 03:00:00,2018-09-05 04:00:00,2018-09-12 03:00:00,1340,,0.07322789999307133,,,
Decision Tree,teste,2018-07-18 04:00:00,2018-09-12 03:00:00,2018-09-12 04:00:00,2018-09-19 03:00:00,1340,,0.06602230000135023,,,
Decision Tree,teste,2018-07-25 04:00:00,2018-09-19 03:00:00,2018-09-19 04:00:00,2018-09-26 03:00:00,1340,,0.06386370000836905,,,
Decision Tree,teste,2018-08-01 04:00:00,2018-09-26 03:00:00,2018-09-26 04:00:00,2018-09-30 23:00:00,1340,,0.06566009999369271,,,
Random Forest,teste,2018-01-17 04:00:00,2018-03-14 03:00:00,2018-03-14 04:00:00,2018-03-21 03:00:00,1340,,1.9078805000026478,,,
Random Forest,teste,2018-01-24 04:00:00,2018-03-21 03:00:00,2018-03-21 04:00:00,2018-03-28 03:00:00,1339,,1.8605311999999685,,,
Random Forest,teste,2018-01-31 04:00:00,2018-03-28 03:00:00,2018-03-28 04:00:00,2018-04-04 03:00:00,1334,,1.8233026000089012,,,
Random Forest,teste,2018-02-07 04:00:00,2018-04-04 03:00:00,2018-04-04 04:00:00,2018-04-11 03:00:00,1333,,1.8481162000098266,,,
Random Forest,teste,2018-02-14 04:00:00,2018-04-11 03:00:00,2018-04-11 04:00:00,2018-04-18 03:00:00,1333,,1.9587547999981325,,,
Random Forest,teste,2018-02-21 04:00:00,2018-04-18 03:00:00,2018-04-18 04:00:00,2018-04-25 03:00:00,1333,,1.8624036999972304,,,
Random Forest,teste,2018-02-28 04:00:00,2018-04-25 03:00:00,2018-04-25 04:00:00,2018-05-02 03:00:00,1333,,1.8661997000017436,,,
Random Forest,teste,2018-03-07 04:00:00,2018-05-02 03:00:00,2018-05-02 04:00:00,2018-05-09 03:00:00,1333,,1.8864210000028834,,,
Random Forest,teste,2018-03-14 04:00:00,2018-05-09 03:00:00,2018-05-09 04:00:00,2018-05-16 03:00:00,1334,,1.8561348000075668,,,
Random Forest,teste,2018-03-21 04:00:00,2018-05-16 03:00:00,2018-05-16 04:00:00,2018-05-23 03:00:00,1336,,1.8774402999988524,,,
Random Forest,teste,2018-03-28 04:00:00,2018-05-23 03:00:00,2018-05-23 04:00:00,2018-05-30 03:00:00,1342,,1.8511798000108683,,,
Random Forest,teste,2018-04-04 04:00:00,2018-05-30 03:00:00,2018-05-30 04:00:00,2018-06-06 03:00:00,1343,,1.979907799992361,,,
Random Forest,teste,2018-04-11 04:00:00,2018-06-06 03:00:00,2018-06-06 04:00:00,2018-06-13 03:00:00,1342,,1.8884555999975419,,,
Random Forest,teste,2018-04-18 04:00:00,2018-06-13 03:00:00,2018-06-13 04:00:00,2018-06-20 03:00:00,1342,,1.9497766999993473,,,
Random Forest,teste,2018-04-25 04:00:00,2018-06-20 03:00:00,2018-06-20 04:00:00,2018-06-27 03:00:00,1342,,2.197517799999332,,,
Random Forest,teste,2018-05-02 04:00:00,2018-06-27 03:00:00,2018-06-27 04:00:00,2018-07-04 03:00:00,1342,,1.8524820000020554,,,
Random Forest,teste,2018-05-09 04:00:00,2018-07-04 03:00:00,2018-07-04 04:00:00,2018-07-11 03:00:00,1343,,1.8381606999901123,,,
Random Forest,teste,2018-05-16 04:00:00,2018-07-11 03:00:00,2018-07-11 04:00:00,2018-07-18 03:00:00,1343,,1.9399674000014784,,,
Random Forest,teste,2018-05-23 04:00:00,2018-07-18 03:00:00,2018-07-18 04:00:00,2018-07-25 03:00:00,1343,,1.8471110000100452,,,
Random Forest,teste,2018-05-30 04:00:00,2018-07-25 03:00:00,2018-07-25 04:00:00,2018-08-01 03:00:00,1343,,1.857211599999573,,,
Random Forest,teste,2018-06-06 04:00:00,2018-08-01 03:00:00,2018-08-01 04:00:00,2018-08-08 03:00:00,1344,,1.8406256000016583,,,
Random Forest,teste,2018-06-13 04:00:00,2018-08-08 03:00:00,2018-08-08 04:00:00,2018-08-15 03:00:00,1341,,1.9612537999928463,,,
Random Forest,teste,2018-06-20 04:00:00,2018-08-15 03:00:00,2018-08-15 04:00:00,2018-08-22 03:00:00,1341,,2.1079691000049934,,,
Random Forest,teste,2018-06-27 04:00:00,2018-08-22 03:00:00,2018-08-22 04:00:00,2018-08-29 03:00:00,1341,,2.039708600001177,,,
Random Forest,teste,2018-07-04 04:00:00,2018-08-29 03:00:00,2018-08-29 04:00:00,2018-09-05 03:00:00,1340,,2.0037049999955343,,,
Random Forest,teste,2018-07-11 04:00:00,2018-09-05 03:00:00,2018-09-05 04:00:00,2018-09-12 03:00:00,1340,,2.1716264999995474,,,
Random Forest,teste,2018-07-18 04:00:00,2018-09-12 03:00:00,2018-09-12 04:00:00,2018-09-19 03:00:00,1340,,2.0296413999894867,,,
Random Forest,teste,2018-07-25 04:00:00,2018-09-19 03:00:00,2018-09-19 04:00:00,2018-09-26 03:00:00,1340,,2.0875711999979103,,,
Random Forest,teste,2018-08-01 04:00:00,2018-09-26 03:00:00,2018-09-26 04:00:00,2018-09-30 23:00:00,1340,,2.3487209000013536,,,
SARIMAX,teste,2018-01-17 04:00:00,2018-03-14 03:00:00,2018-03-14 04:00:00,2018-03-21 03:00:00,1340,,29.65216940001119,1648.4513092627183,1721.0361174007608,True
SARIMAX,teste,2018-01-24 04:00:00,2018-03-21 03:00:00,2018-03-21 04:00:00,2018-03-28 03:00:00,1339,,8.155960200005211,1628.523461462551,1701.1082696005935,True
SARIMAX,teste,2018-01-31 04:00:00,2018-03-28 03:00:00,2018-03-28 04:00:00,2018-04-04 03:00:00,1334,,6.387230599997565,1727.7658358046278,1800.3506439426703,True
SARIMAX,teste,2018-02-07 04:00:00,2018-04-04 03:00:00,2018-04-04 04:00:00,2018-04-11 03:00:00,1333,,5.2967926999990596,1721.6290219846264,1794.213830122669,True
SARIMAX,teste,2018-02-14 04:00:00,2018-04-11 03:00:00,2018-04-11 04:00:00,2018-04-18 03:00:00,1333,,8.50049060001038,1715.5204907279622,1788.1052988660047,True
SARIMAX,teste,2018-02-21 04:00:00,2018-04-18 03:00:00,2018-04-18 04:00:00,2018-04-25 03:00:00,1333,,5.385147100008908,1732.0134684881516,1804.598276626194,True
SARIMAX,teste,2018-02-28 04:00:00,2018-04-25 03:00:00,2018-04-25 04:00:00,2018-05-02 03:00:00,1333,,4.412330699997256,1727.4312582671946,1800.016066405237,True
SARIMAX,teste,2018-03-07 04:00:00,2018-05-02 03:00:00,2018-05-02 04:00:00,2018-05-09 03:00:00,1333,,5.648672600000282,1705.6390568882139,1778.2238650262564,True
SARIMAX,teste,2018-03-14 04:00:00,2018-05-09 03:00:00,2018-05-09 04:00:00,2018-05-16 03:00:00,1334,,5.492177599997376,1631.6263616452757,1704.2111697833182,True
SARIMAX,teste,2018-03-21 04:00:00,2018-05-16 03:00:00,2018-05-16 04:00:00,2018-05-23 03:00:00,1336,,6.6921488999942085,1608.074660696238,1680.6594688342805,True
SARIMAX,teste,2018-03-28 04:00:00,2018-05-23 03:00:00,2018-05-23 04:00:00,2018-05-30 03:00:00,1342,,5.803122900004382,1634.5470252002012,1707.1318333382437,True
SARIMAX,teste,2018-04-04 04:00:00,2018-05-30 03:00:00,2018-05-30 04:00:00,2018-06-06 03:00:00,1343,,5.82775440000114,1577.6818275141209,1650.2666356521634,True
SARIMAX,teste,2018-04-11 04:00:00,2018-06-06 03:00:00,2018-06-06 04:00:00,2018-06-13 03:00:00,1342,,6.762564700009534,1559.523293395459,1632.1081015335014,True
SARIMAX,teste,2018-04-18 04:00:00,2018-06-13 03:00:00,2018-06-13 04:00:00,2018-06-20 03:00:00,1342,,7.8481109000131255,1521.1476066480177,1593.7324147860602,True
SARIMAX,teste,2018-04-25 04:00:00,2018-06-20 03:00:00,2018-06-20 04:00:00,2018-06-27 03:00:00,1342,,7.2530154999985825,1503.1411909180315,1575.725999056074,True
SARIMAX,teste,2018-05-02 04:00:00,2018-06-27 03:00:00,2018-06-27 04:00:00,2018-07-04 03:00:00,1342,,7.634800100000575,1472.9700162899658,1545.5548244280083,True
SARIMAX,teste,2018-05-09 04:00:00,2018-07-04 03:00:00,2018-07-04 04:00:00,2018-07-11 03:00:00,1343,,5.430655299991486,1495.7362225732295,1568.321030711272,True
SARIMAX,teste,2018-05-16 04:00:00,2018-07-11 03:00:00,2018-07-11 04:00:00,2018-07-18 03:00:00,1343,,6.842061399991508,1485.5724923504265,1558.157300488469,True
SARIMAX,teste,2018-05-23 04:00:00,2018-07-18 03:00:00,2018-07-18 04:00:00,2018-07-25 03:00:00,1343,,6.9847460000019055,1341.1103136721854,1413.6951218102279,True
SARIMAX,teste,2018-05-30 04:00:00,2018-07-25 03:00:00,2018-07-25 04:00:00,2018-08-01 03:00:00,1343,,6.270067500008736,1320.9863778590839,1393.5711859971263,True
SARIMAX,teste,2018-06-06 04:00:00,2018-08-01 03:00:00,2018-08-01 04:00:00,2018-08-08 03:00:00,1344,,5.001326799989329,1306.8268288625802,1379.4116370006227,True
SARIMAX,teste,2018-06-13 04:00:00,2018-08-08 03:00:00,2018-08-08 04:00:00,2018-08-15 03:00:00,1341,,5.574532200000249,1307.236283571362,1379.8210917094045,True
SARIMAX,teste,2018-06-20 04:00:00,2018-08-15 03:00:00,2018-08-15 04:00:00,2018-08-22 03:00:00,1341,,5.043113600011566,1306.494753265552,1379.0795614035944,True
SARIMAX,teste,2018-06-27 04:00:00,2018-08-22 03:00:00,2018-08-22 04:00:00,2018-08-29 03:00:00,1341,,5.450980100009474,1314.6205586642413,1387.2053668022838,True
SARIMAX,teste,2018-07-04 04:00:00,2018-08-29 03:00:00,2018-08-29 04:00:00,2018-09-05 03:00:00,1340,,7.327743600006215,1224.0424009818348,1296.6272091198773,True
SARIMAX,teste,2018-07-11 04:00:00,2018-09-05 03:00:00,2018-09-05 04:00:00,2018-09-12 03:00:00,1340,,8.071168800001033,1177.7930616018825,1250.377869739925,True
SARIMAX,teste,2018-07-18 04:00:00,2018-09-12 03:00:00,2018-09-12 04:00:00,2018-09-19 03:00:00,1340,,6.730155000012019,1264.1858564348104,1336.7706645728529,True
SARIMAX,teste,2018-07-25 04:00:00,2018-09-19 03:00:00,2018-09-19 04:00:00,2018-09-26 03:00:00,1340,,8.369803800000227,1330.3832151312686,1402.968023269311,True
SARIMAX,teste,2018-08-01 04:00:00,2018-09-26 03:00:00,2018-09-26 04:00:00,2018-09-30 23:00:00,1340,,8.11469770000258,1360.9753867713412,1433.5601949093837,True
Holt-Winters,teste,2018-01-17 04:00:00,2018-03-14 03:00:00,2018-03-14 04:00:00,2018-03-21 03:00:00,1340,,0.014462799998000264,,,
Holt-Winters,teste,2018-01-24 04:00:00,2018-03-21 03:00:00,2018-03-21 04:00:00,2018-03-28 03:00:00,1339,,0.020968500000890344,,,
Holt-Winters,teste,2018-01-31 04:00:00,2018-03-28 03:00:00,2018-03-28 04:00:00,2018-04-04 03:00:00,1334,,0.01937049999833107,,,
Holt-Winters,teste,2018-02-07 04:00:00,2018-04-04 03:00:00,2018-04-04 04:00:00,2018-04-11 03:00:00,1333,,0.016561900003580377,,,
Holt-Winters,teste,2018-02-14 04:00:00,2018-04-11 03:00:00,2018-04-11 04:00:00,2018-04-18 03:00:00,1333,,0.015960499993525445,,,
Holt-Winters,teste,2018-02-21 04:00:00,2018-04-18 03:00:00,2018-04-18 04:00:00,2018-04-25 03:00:00,1333,,0.01617699999769684,,,
Holt-Winters,teste,2018-02-28 04:00:00,2018-04-25 03:00:00,2018-04-25 04:00:00,2018-05-02 03:00:00,1333,,0.018755299999611452,,,
Holt-Winters,teste,2018-03-07 04:00:00,2018-05-02 03:00:00,2018-05-02 04:00:00,2018-05-09 03:00:00,1333,,0.022111199999926612,,,
Holt-Winters,teste,2018-03-14 04:00:00,2018-05-09 03:00:00,2018-05-09 04:00:00,2018-05-16 03:00:00,1334,,0.01625540001259651,,,
Holt-Winters,teste,2018-03-21 04:00:00,2018-05-16 03:00:00,2018-05-16 04:00:00,2018-05-23 03:00:00,1336,,0.01712760000373237,,,
Holt-Winters,teste,2018-03-28 04:00:00,2018-05-23 03:00:00,2018-05-23 04:00:00,2018-05-30 03:00:00,1342,,0.023226100005558692,,,
Holt-Winters,teste,2018-04-04 04:00:00,2018-05-30 03:00:00,2018-05-30 04:00:00,2018-06-06 03:00:00,1343,,0.015558700004476123,,,
Holt-Winters,teste,2018-04-11 04:00:00,2018-06-06 03:00:00,2018-06-06 04:00:00,2018-06-13 03:00:00,1342,,0.016227700005401857,,,
Holt-Winters,teste,2018-04-18 04:00:00,2018-06-13 03:00:00,2018-06-13 04:00:00,2018-06-20 03:00:00,1342,,0.016401599990786053,,,
Holt-Winters,teste,2018-04-25 04:00:00,2018-06-20 03:00:00,2018-06-20 04:00:00,2018-06-27 03:00:00,1342,,0.016475000011269003,,,
Holt-Winters,teste,2018-05-02 04:00:00,2018-06-27 03:00:00,2018-06-27 04:00:00,2018-07-04 03:00:00,1342,,0.017273899997235276,,,
Holt-Winters,teste,2018-05-09 04:00:00,2018-07-04 03:00:00,2018-07-04 04:00:00,2018-07-11 03:00:00,1343,,0.018073900006129406,,,
Holt-Winters,teste,2018-05-16 04:00:00,2018-07-11 03:00:00,2018-07-11 04:00:00,2018-07-18 03:00:00,1343,,0.019044999993639067,,,
Holt-Winters,teste,2018-05-23 04:00:00,2018-07-18 03:00:00,2018-07-18 04:00:00,2018-07-25 03:00:00,1343,,0.021295300000929274,,,
Holt-Winters,teste,2018-05-30 04:00:00,2018-07-25 03:00:00,2018-07-25 04:00:00,2018-08-01 03:00:00,1343,,0.019195799992303364,,,
Holt-Winters,teste,2018-06-06 04:00:00,2018-08-01 03:00:00,2018-08-01 04:00:00,2018-08-08 03:00:00,1344,,0.015991599997505546,,,
Holt-Winters,teste,2018-06-13 04:00:00,2018-08-08 03:00:00,2018-08-08 04:00:00,2018-08-15 03:00:00,1341,,0.016545899998163804,,,
Holt-Winters,teste,2018-06-20 04:00:00,2018-08-15 03:00:00,2018-08-15 04:00:00,2018-08-22 03:00:00,1341,,0.022965099997236393,,,
Holt-Winters,teste,2018-06-27 04:00:00,2018-08-22 03:00:00,2018-08-22 04:00:00,2018-08-29 03:00:00,1341,,0.017902899999171495,,,
Holt-Winters,teste,2018-07-04 04:00:00,2018-08-29 03:00:00,2018-08-29 04:00:00,2018-09-05 03:00:00,1340,,0.017803700000513345,,,
Holt-Winters,teste,2018-07-11 04:00:00,2018-09-05 03:00:00,2018-09-05 04:00:00,2018-09-12 03:00:00,1340,,0.01902249999693595,,,
Holt-Winters,teste,2018-07-18 04:00:00,2018-09-12 03:00:00,2018-09-12 04:00:00,2018-09-19 03:00:00,1340,,0.015868499991483986,,,
Holt-Winters,teste,2018-07-25 04:00:00,2018-09-19 03:00:00,2018-09-19 04:00:00,2018-09-26 03:00:00,1340,,0.02068340001278557,,,
Holt-Winters,teste,2018-08-01 04:00:00,2018-09-26 03:00:00,2018-09-26 04:00:00,2018-09-30 23:00:00,1340,,0.013631900001200847,,,
SVR,interpretacao,2018-01-10 04:00:00,2018-03-07 03:00:00,2018-03-07 04:00:00,2018-03-14 03:00:00,1342,,0.18342220000340603,,,
Decision Tree,interpretacao,2018-01-10 04:00:00,2018-03-07 03:00:00,2018-03-07 04:00:00,2018-03-14 03:00:00,1342,,0.050169499998446554,,,
Random Forest,interpretacao,2018-01-10 04:00:00,2018-03-07 03:00:00,2018-03-07 04:00:00,2018-03-14 03:00:00,1342,,1.601999699996668,,,
SARIMAX,interpretacao,2018-01-10 04:00:00,2018-03-07 03:00:00,2018-03-07 04:00:00,2018-03-14 03:00:00,1342,,5.420065199999954,1626.5786734107505,1699.163481548793,True
Holt-Winters,interpretacao,2018-01-10 04:00:00,2018-03-07 03:00:00,2018-03-07 04:00:00,2018-03-14 03:00:00,1342,,0.025281000009272248,,,
