modelo,candidato,parametros,status,mae_fold_1,mae_fold_2,mae_validacao,segundos
SVR,0,"{""C"": 100, ""epsilon"": 0.1, ""gamma"": ""scale""}",ok,203.96340917039637,242.67252856658186,223.20207330143464,44.346895899999936
SVR,1,"{""C"": 1000, ""epsilon"": 50, ""gamma"": ""scale""}",ok,153.23968399721807,190.4749629081058,171.74584058167122,48.28063680000014
SVR,2,"{""C"": 5000, ""epsilon"": 100, ""gamma"": ""scale""}",ok,143.5782722709849,177.67991722963322,160.52699401689992,97.00598230000014
SVR,3,"{""C"": 1000, ""epsilon"": 50, ""gamma"": 0.01}",ok,174.19156752978347,200.40106051668883,187.2178424873472,39.68076339999993
Decision Tree,0,"{""max_depth"": 6, ""min_samples_leaf"": 5, ""min_samples_split"": 10}",ok,321.2484699433771,290.4689647866167,305.950871572053,1.044113599999946
Decision Tree,1,"{""max_depth"": 10, ""min_samples_leaf"": 5, ""min_samples_split"": 10}",ok,270.35153898314184,216.53369571193448,243.60374861481722,1.330922800000053
Decision Tree,2,"{""max_depth"": 14, ""min_samples_leaf"": 10, ""min_samples_split"": 20}",ok,257.8226810825339,197.9277351190797,228.05453428632615,1.6345395000000735
Decision Tree,3,"{""max_depth"": null, ""min_samples_leaf"": 20, ""min_samples_split"": 40}",ok,264.79370816624987,238.8726779794832,251.9108009476772,1.5854131999999481
Random Forest,0,"{""n_estimators"": 80, ""max_depth"": 12, ""min_samples_leaf"": 2, ""min_samples_split"": 4, ""max_features"": 0.8}",ok,206.14188155961173,164.1385330579975,185.26596583725254,52.19366439999999
Random Forest,1,"{""n_estimators"": 120, ""max_depth"": null, ""min_samples_leaf"": 4, ""min_samples_split"": 8, ""max_features"": 0.8}",ok,189.14297920364,165.0100866620028,177.14878710210775,107.55567960000008
Random Forest,2,"{""n_estimators"": 120, ""max_depth"": 16, ""min_samples_leaf"": 6, ""min_samples_split"": 12, ""max_features"": 1.0}",ok,211.22205692960347,174.45433402408668,192.9482784795562,110.96106430000009
SARIMAX,0,"{""order"": [1, 0, 0], ""seasonal_order"": [1, 0, 0, 24]}",ok,340.6431992344647,375.06382053024066,357.75045412997014,248.44196390000002
SARIMAX,1,"{""order"": [1, 0, 1], ""seasonal_order"": [1, 0, 0, 24]}",ok,315.3159009087843,363.56304596868387,339.2950209086146,213.29415480000034
SARIMAX,2,"{""order"": [0, 1, 1], ""seasonal_order"": [0, 1, 0, 24]}",ok,354.4509210825233,412.9522718982786,383.5264427454436,307.0839893999996
Holt-Winters,0,"{""trend"": null, ""damped_trend"": false, ""seasonal_periods"": 24, ""alpha"": 0.2, ""beta"": 0.02, ""gamma"": 0.1}",ok,548.8103392129862,569.1996275526047,558.9439376093235,0.09828509999988455
Holt-Winters,1,"{""trend"": ""add"", ""damped_trend"": true, ""seasonal_periods"": 24, ""alpha"": 0.4, ""beta"": 0.02, ""gamma"": 0.1}",ok,480.9008564966374,522.2669496012502,501.4600524707862,0.40845760000001974
Holt-Winters,2,"{""trend"": null, ""damped_trend"": false, ""seasonal_periods"": 168, ""alpha"": 0.2, ""beta"": 0.02, ""gamma"": 0.1}",ok,222.18459790524312,229.65006648300565,225.89498049179574,0.08719830000018192
Holt-Winters,3,"{""trend"": ""add"", ""damped_trend"": true, ""seasonal_periods"": 168, ""alpha"": 0.4, ""beta"": 0.02, ""gamma"": 0.2}",ok,211.49732094509704,251.1053646881752,231.1827558593215,0.34445419999974547
